PAGO,ID_DRIVER,ID_BOOKING,,,,,
150,645f268dce826a001abc0768,64c7da377c5aba0045c23f4a,,,,,
,645f268dce826a001abc0768,64c7d1ea1e2ca2005fc5d993,,,,,
,645f268dce826a001abc0768,64c7c8a8048a651aef19f932,,,,,
150,5ce6e0d6e5b33f005ed650ad,64c7c8f0e17958003b16cf61,,,,,
,5ce6e0d6e5b33f005ed650ad,64c7d24672d11512b9224ef2,,,,,
,5ce6e0d6e5b33f005ed650ad,64c7b97641683f0025cc11e4,,,,,
150,637cfe7265068900307c183b,64c7bc6a4db0a00055f15ba0,,,,,
,637cfe7265068900307c183b,64c7c895ce7203005d935b9e,,,,,
,637cfe7265068900307c183b,64c7d3251e003b0025642e02,,,,,
150,6494890273b80c004d8d6a41,64c7b9dd1e2ca20025c5c17f,,,,,
,6494890273b80c004d8d6a41,64c7c6a61e2ca2003bc5ca83,,,,,
,6494890273b80c004d8d6a41,64c7d4ef08a11fc961000a2e,,,,,
150,5bcf41806bc0d2003c319c1e,64c7c95741683f003dcc169e,,,,,
,5bcf41806bc0d2003c319c1e,64c7bc003ab6e8005ba6e323,,,,,
,5bcf41806bc0d2003c319c1e,64c7ae63fad9450025d01b5c,,,,,
150,64b972298ed65ad42ad85d1a,64c7cd6dbc336b2747b2460a,,,,,
,64b972298ed65ad42ad85d1a,64c7ac322fc3800025b4736c,,,,,
,64b972298ed65ad42ad85d1a,64c7b77808a11fba19001f61,,,,,
150,64a5b4cc404cb00055fdf203,64c7d13bf1a5fd0025d33b53,,,,,
,64a5b4cc404cb00055fdf203,64c7c2727138a8002d5649d4,,,,,
,64a5b4cc404cb00055fdf203,64c7b3ab048a65eacc1a3d3c,,,,,
150,6480a7cbc976eb00541b43fa,64c7c7a286a5d1002de3ef3b,,,,,
,6480a7cbc976eb00541b43fa,64c7d04cce7203001d93624b,,,,,
,6480a7cbc976eb00541b43fa,64c7c5102fc3800025b48b06,,,,,
150,64b6d850e7b80d00462c6e7d,64c7d0072fc3800033b48e9f,,,,,
,64b6d850e7b80d00462c6e7d,64c743cbde7f68ca28c9449a,,,,,
,64b6d850e7b80d00462c6e7d,64c7bbd888d4cf00354b8383,,,,,
150,5d3a99724dde2d19361d4b50,64c7d2571e003b001d642ac2,,,,,
,5d3a99724dde2d19361d4b50,64c7c5ff048a651aef19f2c0,,,,,
,5d3a99724dde2d19361d4b50,64c7c1f3bc336b3c26b21fba,,,,,
150,6485807cb49e1a0036369a92,64c7d5cf41683f005dcc2a4f,,,,,
,6485807cb49e1a0036369a92,64c7c0d572d115487b21eed4,,,,,
,6485807cb49e1a0036369a92,64c7c9cd3ab6e8002ba6e479,,,,,
150,5c4df1e06610ed00131f1f0d,64c7cdcd7a39720053ba036d,,,,,
,5c4df1e06610ed00131f1f0d,64c7cac4ce7203002d936559,,,,,
,5c4df1e06610ed00131f1f0d,64c7c37a7c5aba002dc230f6,,,,,
150,5d2b01c905b57b0038f8c001,64c7b0d741683f001bcc1120,,,,,
,5d2b01c905b57b0038f8c001,64c7b8812fc3800025b47cc3,,,,,
,5d2b01c905b57b0038f8c001,64c7cf152fc3800043b494e1,,,,,
150,5bcfce9b6bc0d20015321a2b,64c7d71088d4cf002d4ba027,,,,,
,5bcfce9b6bc0d20015321a2b,64c7b6d2deff9c44b42af672,,,,,
,5bcfce9b6bc0d20015321a2b,64c7c36abc336b3c26b2221d,,,,,
,5bcfce9b6bc0d20015321a2b,64c7c7e67138a8001d565c26,,,,,
