id driver,ID Booking
5cecb6cc5cbcf5000da06358,64ac0a2bb28d27541fd37f08
6480064a5f1ca0003cf40ffa,64adc27df83f680055fb39a4
5d026b4cf72959005b3838a6,64ac4ed3e2108a001be2096f
64657a2b2a85e2002cc165d9,64adc65d16a6b2004d00ef8e
5da1692305d08e003e7027fd,64ad977c173c80002e3492f9
61a1b0dee8e9630108a30bbe,64adc5f08f677f002d40dddd
5d94971599097b00564c2dd4,64ac9ac82db769001fecc148
5d11719f6568cf0035a311b4,64ac008e09e35e7fdf2d8f38
5cf15fb6629555002b9b212d,64abf9d4df65465f52370fe6
6480064a5f1ca0003cf40ffa,64add22e8f677f005940e7c3
646b6ef986298100446a5dfe,64add07ff94dc6004fc4d305
64695e4edd6603002856cb7c,64ad67e7235c06001debacba
5da1692305d08e003e7027fd,64ad6018834c5d003d19503e
64657a2b2a85e2002cc165d9,64aca20bf60242003931c6bd
6488e12968e543003dfb7174,64ad61346c1f6a002784bc5d
5cf6fc897be3130019ead480,64ac0d104e6470671e889c34
6480064a5f1ca0003cf40ffa,64ad5991413588004d539dee
5cf054343eea2d0046ce7c64,64ac06754c82f2004f13c9ed
5cf054343eea2d0046ce7c64,64acb301fa0b23002700f48e
5dba2ad98acf12001a3c744a,64ac926ffaae5a001db34a85
5cfb2ea08f45a7002b47b5e9,64ac644bfa0b23005700947f
5cfb2ea08f45a7002b47b5e9,64ac9657cc4144004e417695
5cf6fc897be3130019ead480,64ac9cc6b5563b003c95ef2a
61795e82e0951b0190190f0f,64acf480cc4144002d41aa16
5d452031ce7acd004eaa2e54,64ac8cfefa0b23001f00e140
6488e12968e543003dfb7174,64ad6b83834c5d00351920cd
6480064a5f1ca0003cf40ffa,64ad6b505f80e3001e737659
649d8fc160dbbf0021f4f59c,64ad3f172db769002feced0e
5d452031ce7acd004eaa2e54,64ac85d72db769001feca5f9
648dbb141322110049180a6f,64ac81224135880025533654
646b6ef986298100446a5dfe,64aca86dfa5d690030ad329d
5daa2abef025b82337449597,64ac869a6bcf8f0047c59d7b
6470203a1903d500382208fc,64ac76fe2195a1004d04b895
5da1692305d08e003e7027fd,64ac45db9c558a001f8f5dd2
6484815c8c9331004e0d2b16,64ad879c173c80004734942c
64885e04b5e7d40044ca0da6,64ad96ef4c2f020057775a45
5cf15fb6629555002b9b212d,64ad57e3fa5d690027ad6f77
5d026b4cf72959005b3838a6,64ad52189d4078001da81ca0
5daa2abef025b82337449597,64ac77102195a1004d04b8b0
5d026b4cf72959005b3838a6,64ac863c7aa281004dc9c775
5d026b4cf72959005b3838a6,64ad775e734061001b12890c
5d0806dc519971003e6d1501,64ad744b35231e004d7b2e85
6466cc6db746d1004ec67218,64abf86909e35e485c2d357c
611d1c5a64226501e7db4b18,64ac27e006fede001d2d26cf
5da1692305d08e003e7027fd,64ac3148e54190003f981d46
5d2b5f7205b57b0068f8d38d,64abfeda4e647033848869f1
61a1b0dee8e9630108a30bbe,64adb1e43150ec004db4deae
5d94971599097b00564c2dd4,64aca1404df3af00579200e9
6484815c8c9331004e0d2b16,64acadc54df3af002f921a9a
5cfb2ea08f45a7002b47b5e9,64ac8b9cfa0b23005700b785
5cfb2ea08f45a7002b47b5e9,64ada74aa93b820047e7be56
5d026b4cf72959005b3838a6,64ac1bfac3ee3e04dc6d14d5
611d1c5a64226501e7db4b18,64ad69412db769002fed1575
6480064a5f1ca0003cf40ffa,64ad9424404da9005d2a4a36
5cf6fc897be3130019ead480,64acabd2eb38620020ea8709
64586c07d60728003381ed16,64ac76865f4fd6004dabb027
5d452031ce7acd004eaa2e54,64ac9c2deb3862001cea7211
5d452031ce7acd004eaa2e54,64acbbc6b5563b003c960df6
6488e12968e543003dfb7174,64ac5dc54df3af002f91c708
5d026b4cf72959005b3838a6,64ac0d0c7e8264001db2b362
5cfb2ea08f45a7002b47b5e9,64ac74dcfa0b23002700aff9
5d6be919dd81ab00253203a3,64ac71847aa281004dc9b019
5d587f078f9f65003353a067,64ac740eeb38620056ea5f98
648f1ccea7bd31002f0d074f,64adac04eade9d004d73c425
644a20db609dea001c1a22f4,64ad7145413588002553a37e
6480cf511ebed8005c14f9e5,64ad7385fd42710052c10018
5cfb2ea08f45a7002b47b5e9,64ac54f79c558a001d8f67c4
5cfb2ea08f45a7002b47b5e9,64ac83432195a1004d04c5a7
64837d4b2ad98e004808a14f,64ac41909066ff002f7bedd4
5cf2795988e702004072eae3,64adbb20f94dc6001dc4b6d5
5cfb2ea08f45a7002b47b5e9,64adb2041b1496001be92096
5daa2abef025b82337449597,64ac70537aa281001bc9a61d
5d587f078f9f65003353a067,64ac2e68bd34c109fd65ad38
5cf6fc897be3130019ead480,64ac003036547d0c84fafd1a
5dc852a46ddbcd0020206962,64adc936bda8a400366ccc4d
6494b842356ad0001b16f522,64ab959425b62a00479f297a
5d604dcb1b2d04004ecf30a0,64ac19e97e8264003db2bddc
5d6be919dd81ab00253203a3,64ac7b405f4fd60045abb844
5da1692305d08e003e7027fd,64ada054f94dc60057c4a098
648f1ccea7bd31002f0d074f,64ada116b14191001dbaedc9