ID_DRIVER,ID_BOOKING,
5bbfc49e8db8ef0033174f1f,64a8270d7b6bb30045523f87,
622ac960af519001927bebcd,64a5822ddd24730021da18b6,
5ddee97750f5c300603e8475,64a6d260a96507001b484ce2,
63651c8bf857ca005c713618,64a82039598bf300292ffe42,
5eda1b7be3b941014eb7e771,64a6db68073ee600557e2d2b,
637d22b6c96aca001a8fd664,64a82828b6acec001d64d1ab,
643ada2cc57527001eaf01ec,64a6d986073ee6001d7e295b,
64a5b4cc404cb00055fdf203,64a82a80b28d27002dd25a9b,
5bc8b958cbe2130018b59aab,64a588bb97d838001dfce376,
63cab05285ef250060d48afa,64a76f86bd34c10047645017,
5bc0e97eed551b00184c2194,64a5bf5737829c00579a2bbd,
5bc0e97eed551b00184c2194,64a5ef972ec8240052caa4ec,
5bc0e97eed551b00184c2194,64a5d862345fd6004f4ccc9c,
5bc0e97eed551b00184c2194,64a6ee15d9404b0026c522e0,
636d415d2b28b1001ab6c89c,64a5de1ad69955001f32a45b,
648e40c51322110031188439,64a48f5ce642ed002d61ef41,
5e65b14ccf063e0050a65302,64a6e008d4b4280055f12f81,
63651c8bf857ca005c713618,64a70f29bd34c1001d63f9e8,
5d9bbb087fa71a0017687280,64a58748ee52f9004f736f01,
5e2a5fe299c9200025df9c88,64a62072f8ab2e001d7a2584,
64234694459fd700341f880c,64a573e423c5d40027c91af6,
63fc60113ccfef17f10f7a64,64a7026af4af9500370eed6c,
6470f116f74d84004426c7ce,64a587da668ae100555093fa,
5bce8ca42ee9e20012dc4369,64a5c7bc393ee2001edcfb35,
6046702bbf42da0078efb2ea,64a47b044120a9005d58a7a3,
6413947bc72df500362e038b,64a61eacf3b158005d896b82,
6470f116f74d84004426c7ce,64a58d5f404cb0001bfde2f5,
5c4df1e06610ed00131f1f0d,64a61179e0ee7b002dcc41fc,
63651c8bf857ca005c713618,64a587f2f08777001bd84d04,
6331f6158282aa004afd1bfe,64a6dd703ecbf700274f5df1,
649631ade10a42001bcefeb0,64a43e3321f2ff004dd423ab,
649631ade10a42001bcefeb0,64a587fbf087770047d85033,
5bcf41806bc0d2003c319c1e,64a6df989bbbd3001bc1f927,
5be745eee3a72f0030f2fc3f,64a445e33e67b00047bf9937,
5d2b01c905b57b0038f8c001,64a58dd4e4fa2a00577fb685,
6470f116f74d84004426c7ce,64a7397a411284001d4423c3,
63ead0d714394d004eb8b9ef,64a461a486ae5e34c70e2eed,
6485807cb49e1a0036369a92,64a43d41a8aac8001b90fe89,
5c9c2c449ca5d300135be360,64a6e56015b3dd003dcb6243,
5be745eee3a72f0030f2fc3f,64a43fe9306876003dc96cb0,
6458505d62904a001c7ed93c,64a5f841f4af95003f0e6ddc,
5c4df1e06610ed00131f1f0d,64a59c5cbef4a2001d29a1e0,
60e3cddc1cd8b3008aec2fec,64a5b1d9393ee20028dce22f,
637d22b6c96aca001a8fd664,64a6b55ce729890057447072,
6343e5f23c4b35005c0d769b,64a42dd0e047990049cd7838,
637d22b6c96aca001a8fd664,64a4c0714c688d001dc8c273,
5dd29af30daeae0039cb99b7,64a6c494a96507001b483ebb,
63d4b05551d792003483a56b,64a4ee57121ad0001db8824a,
5e489fcffc0ddd00ae308e03,64a4aef9e642ed003d6211a7,
637d22b6c96aca001a8fd664,64a45c64306876003dc98a6c,
5c9c2c449ca5d300135be360,64a5c67ee9b93a0057951069,
649631ade10a42001bcefeb0,64a6c89ae9b93a00359581f2,
5bc15dbb8499100039831608,64a81563598bf3004d2fc92d,
5bbfc49e8db8ef0033174f1f,64a81ad5e54190002795f827,
647d662800ee81001c260dcb,64a58278493937004f42adfc,
5d7e4b626ff826004cf4a5d7,64a448bef1009d00582052d0,
5bcfce9b6bc0d20015321a2b,64a734185ca039001b895483,
60e3cddc1cd8b3008aec2fec,64a8144fbd34c1001b648451,
5d12bbcf2e79b5005f3c6f65,64a4b79ffa2c79001c6ec6ef,
5c4df1e06610ed00131f1f0d,64a60a390d6f6300216a83af,
60e10e7bd6156d0161b5bcec,64a41dcc15995c0037e7bc3f,
5bbfc49e8db8ef0033174f1f,64a6c7da094a7e005d44c7fc,
640a6cbd3e30ef00308cade4,64a81862cfb33d001dbc1521,
5e489fcffc0ddd00ae308e03,64a4d290fa2c7900486edace,
62225537ebf97d01890dcb7d,64a814124c9fb7003d81d93a,
62225537ebf97d01890dcb7d,64a421425f414868a18d0827,
6480a7cbc976eb00541b43fa,64a5ef642ec824001dca9620,
64926fc8839d5c003aa22622,64a70ce5831976001d69a72d,
60e10e7bd6156d0161b5bcec,64a570c4ee52f9002f7353f5,
62f7f1d03f2ea4001bbb2571,64a813d14e64700030881906,
649631ade10a42001bcefeb0,64a818ffed328c001d1a1abc,
63cab05285ef250060d48afa,64a8175e96a88a004f07fca0,
6432061830a9770054b1ee93,64a42d0fdb53500047e60260,
640a6cbd3e30ef00308cade4,64a603904ddd5c004d5281d3,
5f7c0aad9c36d2001bab3156,64a4ba362d8b95003fe277d3,
648713e351e3ab0044fec5ef,64a580cdf087770057d8477f,
60c9f99a5fe99c006644d10f,64a7567d339f67001bb3fbf6,
6331f6158282aa004afd1bfe,64a8155db6acec001f64c1fb,
5f6d28877fbe6b017597cdd2,64a6d0293b7b390036f4d878,
5eda1b7be3b941014eb7e771,64a43985744d08002d5f5edc,
6483751562ed8d003c5c4ada,64a5a296404cb0004dfe0227,
64a46b81f1009d0058206bdb,64a6f578d4b4280042f142ba,
64657dc663b3b50030e4b5b8,64a5f91c393ee20028dd2a78,
5bc228de5c7595000cd2beba,64a6ca58073ee600357e25dd,
631bc4a51f9f68003bbfbb9c,64a42aa521f2ff001dd420f1,
601d2990cfb56b00c0f6e548,64a621e0be05530026b13e16,
64405d87283092005c79c3a7,64a4b240950a3200454e9998,
5d4c2aa38cbb02004e89a68d,64a5ff83d2cd10001ffffa35,
63ead0d714394d004eb8b9ef,64a59cc0d69955001f3254e8,
5bd4b4cb9a7d29003c7b060a,64a609af204aa8004946ff04,
5e2a5fe299c9200025df9c88,64a4cfe5a474db003f00d640,
5eda1b7be3b941014eb7e771,64a4677bfacd29005d49f6d9,
6012b6fbcba2080188f29d3c,64a6fac1bc705e001d19e65d,
5d3a99724dde2d19361d4b50,64a44b493068760057c985f9,
639408428e9c67004cedb15d,64a5adae8ca69f005dca8665,
64137cdb35f1e40044e96fb3,64a584ad08ce1b001d96ee88,
60a75216d65f1d00c17ff5ee,64a59ed85317a800377ae45e,
6432061830a9770054b1ee93,64a5957f5409c7001dc7a350,
648713e351e3ab0044fec5ef,64a60b20204aa8005746fdbc,
5c9c2c449ca5d300135be360,64a5df2a345fd6001b4cd60b,
648e22a3a941d40037f91c3e,64a497ade642ed004d61fbd7,
5e489fcffc0ddd00ae308e03,64a49def121ad0001db84be3,
6307aa150e0e39005bf02ed8,64a460cc08a120001fdfbe43,
601d2990cfb56b00c0f6e548,64a4b6605952af005d6b0562,
64373692dcae81001afdddf6,64a627985189b6002901a899,
5bbc17e92d5e84002df47df4,64a4a901fa2c7900596ebe7b,
5e489fcffc0ddd00ae308e03,64a4bf0ba474db003f00c6ec,
601d2990cfb56b00c0f6e548,64a6c9463667120037ac5e8d,
5c9c2c449ca5d300135be360,64a4201015995c002fe7bba9,
5e767b8f23fdfb007dd37285,64a5eb0c735890004e51b56e,
5daaa17d07bd6c004d6216bc,64a5b0c1e9b93a003594f31b,
63fc60113ccfef17f10f7a64,64a4532121f2ff004dd43b05,
5bcd4ea2f14c6c0024c9506a,64a6f3b78228e3001b8458e3,
5bcfd48a63af7800215ea9e3,64a6c4e5cf135e002d260500,
6485807cb49e1a0036369a92,64a473ca908cea00211393a4,
5bc8b958cbe2130018b59aab,64a5810ed67726005d0e6dab,
64137cdb35f1e40044e96fb3,64a6d71e3b9fa4004f3cf5dc,
637d22b6c96aca001a8fd664,64a490fd2197920055f72ea2,
5be745eee3a72f0030f2fc3f,64a455910d7f390037d4177a,
6470f116f74d84004426c7ce,64a4bd35799f8d004523d79f,
6458505d62904a001c7ed93c,64a5d91a06c2d80022c298e9,
5e489fcffc0ddd00ae308e03,64a4a5b5950a32002d4e8f0a,
6012b6fbcba2080188f29d3c,64a6efc0094a7e003544f158,
5c4df1e06610ed00131f1f0d,64a6213d66a8280037955226,
5d1a583d0846200044dab455,64a4bc8df1b95b001f5325a0,
5eda1b7be3b941014eb7e771,64a4a050a09755004589920e,
5c4df1e06610ed00131f1f0d,64a6cde2e44244001d8126a7,
64234694459fd700341f880c,64a51660f1b95b004d533740,
5e2a5fe299c9200025df9c88,64a4a1d29d026700254b02b2,
643da680bb6a35001a329073,64a5ffc5d2cd10001bffed0e,
5d23b00b92d773004a1c4a3b,64a5809f2f0d2a0028224147,
5eda1b7be3b941014eb7e771,64a42cb708a1200045df963e,
64a46b81f1009d0058206bdb,64a7368e9e2cd7003123b785,
5e70f6a1eeb3d800590d5931,64a73310831976002569df03,
5eda1b7be3b941014eb7e771,64a73405d42170004c211cc8,
6470f116f74d84004426c7ce,64a475f27a7836001d46097b,
5c09d58da82e8b00303776f4,64a6f036e442440057813452,
5d3a99724dde2d19361d4b50,64a47fd4a7bf140045d4447e,
60e3cddc1cd8b3008aec2fec,64a7290d57988d003534167d,
5e767b8f23fdfb007dd37285,64a468f3a52fce00579d69e2,
63d4b05551d792003483a56b,64a730eee9d889001a77ac8a,
648e22a3a941d40037f91c3e,64a46cfae047990045cdab55,
5c81d4f8b028280058129594,64a49242a097550045898327,
649631ade10a42001bcefeb0,64a453fddb617c002b5a3a46,
649631ade10a42001bcefeb0,64a735069587fe0035a9b181,
5c9c2c449ca5d300135be360,64a5d82d4ddd5c00555279f2,
5cbc800394be280019133735,64a736f6411284001d442121,
5eda1b7be3b941014eb7e771,64a6ec4915984200275897e6,
6336562f8c76890050d144dd,64a738c19587fe001da99e1d,
631bc4a51f9f68003bbfbb9c,64a6104d5189b6004701a46e,
5bbfc49e8db8ef0033174f1f,64a5661bee52f9001d735093,
6458505d62904a001c7ed93c,64a7357e9e2cd7003123b4f2,
648e40c51322110031188439,64a497c9f1b95b001f530881,
5d3a99724dde2d19361d4b50,64a4ac0de642ed0025620943,
5c09d58da82e8b00303776f4,64a4376586ae5e68790d7506,
5dd9cd95c043f300244169b5,64a6f54471596f00445100bf,
64373692dcae81001afdddf6,64a6ca9f3ecbf700274f457f,
5d7e4b626ff826004cf4a5d7,64a7373d9587fe0035a9b36e,
5cb3b9ce738b1e002291f8dc,64a73747b04f9c004f2965b4,
5dbd899cedd116002f86bb4c,64a6f028e44244002581415d,
5d3a99724dde2d19361d4b50,64a6e7916aaf38002d84a482,
5d77d22f48eabd0016324e55,64a75f8f4ed34c002fd9c216,
6491d7fbe043160027ea899b,64a76519bd34c100476445ba,
6498d1b154ad61004f948de3,64a61278e0ee7b003dcc40e3,
5bb99087b2cb0c000fb6e66a,64a4bd4d2d8b95004de2780d,
6432061830a9770054b1ee93,64a5cccd12c02c001daf661c,
63ead0d714394d004eb8b9ef,64a47ba6cad26f001b3fe52d,
5e2a5fe299c9200025df9c88,64a4c515950a32003b4eb3f4,
5c4df1e06610ed00131f1f0d,64a6c673e9b93a001d959978,
63fc60113ccfef17f10f7a64,64a4572ac482fc005d51887b,
64373692dcae81001afdddf6,64a6d430e442440047812c1e,
6483751562ed8d003c5c4ada,64a467fcf1009d00382072cb,
649631ade10a42001bcefeb0,64a6fae1bc705e001b19c75b,
5bce8ca42ee9e20012dc4369,64a5af51393ee20020dcdca8,
642369c72963280056549086,64a45e4908a1200027dfbbf8,
5c09d58da82e8b00303776f4,64a7092c6aaf38002584bb4a,
631bc4a51f9f68003bbfbb9c,64a5bd718c64b1001f760918,
5bcd6745f14c6c0057c95205,64a48cd797d838002ffc72bc,
63651c8bf857ca005c713618,64a6e8283ecbf7001d4f749a,
647d662800ee81001c260dcb,64a6cd68e9b93a003d95908c,
60e3cddc1cd8b3008aec2fec,64a5c49837829c00479a1dd3,
5e767b8f23fdfb007dd37285,64a4726ac482fc16f9502778,
642369c72963280056549086,64a4b8c0950a3200254e971d,
5eda1b7be3b941014eb7e771,64a5e2facf0808002d830dcd,
5be745eee3a72f0030f2fc3f,64a4913c82a5b0002de7fb08,
6480a7cbc976eb00541b43fa,64a4330ff1009d0050205337,
6480a7cbc976eb00541b43fa,64a428b669f9b0003f29fba0,
6485807cb49e1a0036369a92,64a6cee33b9fa4002f3ce8cf,
647a4ee13485dc00568bf30b,64a70dce715893001b126f43,
5d07fc555b19cc72e41f3c55,64a637f29bbbd3003dc1d19a,
5eda1b7be3b941014eb7e771,64a45638f1009d0030205ab4,
5bc8b958cbe2130018b59aab,64a595238c64b1001f75dadd,
5d576b97f591d4001b71fb47,64a606d19bbbd30055c19c19,
5c9c2c449ca5d300135be360,64a5f412810f710055439dce,
5d2b01c905b57b0038f8c001,64a424a7439d3d00572539a2,
60e3cddc1cd8b3008aec2fec,64a74aac9587fe003da9bd5d,
6470f116f74d84004426c7ce,64a708196aaf38005d84add1,
63d4b05551d792003483a56b,64a47ae1a8aac800259131bc,
5f6d28877fbe6b017597cdd2,64a4666b0d7f39004fd41d42,
5eda1b7be3b941014eb7e771,64a6f6cd72ed3c001b9ac453,
60e3cddc1cd8b3008aec2fec,64a4c626a09755006389a358,
641b657cfa76d400449410f2,64a4b6ca4c688d001dc8b6dc,
64657dc663b3b50030e4b5b8,64a75efd09e35e00562c39e3,
63cab05285ef250060d48afa,64a5f2ca1e0cf6002d11f9ff,
5dd29af30daeae0039cb99b7,64a6d1c3073ee6003d7e19f9,
5bcfce9b6bc0d20015321a2b,64a75cc8eef92000356a7614,
5daaa17d07bd6c004d6216bc,64a4a7685b19bc003fd1378b,
5dbd899cedd116002f86bb4c,64a6dbc115b3dd002dcb54b2,
648713e351e3ab0044fec5ef,64a59496cf0808001d82b4e8,
5c9c2c449ca5d300135be360,64a478ce3e67b0003dbfa3be,
60e3cddc1cd8b3008aec2fec,64a5b7e19bbbd30045c163a0,
5ce65f42fb1f9f004ca303e2,64a71ba609e35e005e2bf619,
60c9f99a5fe99c006644d10f,64a75e5a09e35e003e2c20e5,
5bce8ca42ee9e20012dc4369,64a5a4ff66202a001d88f05b,
637cfe7265068900307c183b,64a6e63c094a7e002d44d345,
60e10e7bd6156d0161b5bcec,64a57c553971ca003d93c1df,
63fc60113ccfef17f10f7a64,64a4418b5f414843cb8c97ce,
6480a7cbc976eb00541b43fa,64a5e12806c2d8003fc2a555,
637cfe7265068900307c183b,64a721a4b92b07003d92b1ee,
5c4df1e06610ed00131f1f0d,64a5ac895317a8001b7af95d,
63fc60113ccfef17f10f7a64,64a6f8bee44244001d814c6e,
63651c8bf857ca005c713618,64a4549df1009d00202068b7,
6307aa150e0e39005bf02ed8,64a467f95f414843cb8cafab,
6012b6fbcba2080188f29d3c,64a573b35b19bc0055d17d42,
6463225962145d005cb77371,64a6e70a9bbbd30045c22c93,
5daaa17d07bd6c004d6216bc,64a5ca2a2ec824001fca82bc,
5cb3b9ce738b1e002291f8dc,64a47467cad26f002d3fd4ad,
5bd4b4cb9a7d29003c7b060a,64a60fc5e0ee7b003dcc3ea3,
6483751562ed8d003c5c4ada,64a499477666ec002563f644,
62c62e2b6e7253005bcd0ba2,64a4aad7219792004df745ae,
642369c72963280056549086,64a5faa75189b6001d0184b7,
5bd4b4cb9a7d29003c7b060a,64a764d0b28d270045d218e9,
60e3cddc1cd8b3008aec2fec,64a60c9cf4af9500570e7464,
5dc34a72078ee900505d6bcf,64a4ba595952af00206b1334,
5dc34a72078ee900505d6bcf,64a75ab47b6bb3001b51fc4b,
64405d87283092005c79c3a7,64a563bc82a5b0002de8636b,
6432061830a9770054b1ee93,64a47845b8f5b9004537ee7b,
647d662800ee81001c260dcb,64a58d5a37829c001f9a0da8,
6491d7fbe043160027ea899b,64a5770002e4da005785a2a3,
637cfe7265068900307c183b,64a7381b598bf300552f5254,
5d2b01c905b57b0038f8c001,64a41d964bb1740031173f1c,
637d22b6c96aca001a8fd664,64a812745eaf56001bb2fd54,
5daaa17d07bd6c004d6216bc,64a80bf9c3ee3e001f6c0ecf,
648713e351e3ab0044fec5ef,64a6d7f6366712001fac7055,
640a6cbd3e30ef00308cade4,64a80aee94d13d004d228f01,
5c4df1e06610ed00131f1f0d,64a57d5123c5d4003fc9234f,
5d576b97f591d4001b71fb47,64a42cc13e67b00047bf851d,
63cab05285ef250060d48afa,64a7778baebf67002744639f,
5bbfc49e8db8ef0033174f1f,64a815ce4c9fb7002581deaf,
5ff1681b2b34b201e2fbcb99,64a571405b19bc0027d186ee,
643ada2cc57527001eaf01ec,64a80fe1cfb33d0045bc1662,
649631ade10a42001bcefeb0,64a57748668ae100305086f9,
63fc60113ccfef17f10f7a64,64a6c1407b04ae004d45f0c6,
63cab05285ef250060d48afa,64a81010df654600403700b3,
6480a7cbc976eb00541b43fa,64a5f6d0c44be70057a01394,
5dc28b96cb81b60056aa59d8,64a7478cb6acec001f646edf,
6480a7cbc976eb00541b43fa,64a74ca1b92b07004f92e793,
5d576b97f591d4001b71fb47,64a4a9d1e642ed002562074a,
5eda1b7be3b941014eb7e771,64a5f5039bbbd3001fc18e9d,
63320d7fe0cb26005bdf46fb,64a74827b04f9c0031297b15,
639408428e9c67004cedb15d,64a5c7ed8c64b1001b761094,
601d2990cfb56b00c0f6e548,64a74b417cd6ea0055aaa312,
5ce65f42fb1f9f004ca303e2,64a75014339f67001fb3ea5f,
6493a5e9cd00a30043f26908,64a747bdd5dd6e004dbc8859,
63cab05285ef250060d48afa,64a49f0e2f0d2a002421d8c7,
5c9c2c449ca5d300135be360,64a7173f7a7c79003ec5b419,
640a6cbd3e30ef00308cade4,64a747c3b6acec001f646f21,
64a5b4cc404cb00055fdf203,64a6d14ea96507003d484c99,
63cab05285ef250060d48afa,64a5f8908c64b1001b764eef,
639408428e9c67004cedb15d,64a580a53971ca005393c54d,
5bbfc49e8db8ef0033174f1f,64a6d447e9b93a001d95a1f2,
60e3cddc1cd8b3008aec2fec,64a820cdb6acec003d64d9f4,
5dd9cd95c043f300244169b5,64a6ea67a96507004d4868c0,
5d3a99724dde2d19361d4b50,64a82b2dbd34c1002764b5ac,
5d3a99724dde2d19361d4b50,64a4442c08a1200037dfb27a,
5d3f4eda143f7d00681a5b72,64a63ae05409c70036c81f63,
649631ade10a42001bcefeb0,64a428a0c482fc7ca850ea32,
5dd75ec0239c793c1a5977b4,64a5b0a137829c00379a3279,
5daaa17d07bd6c004d6216bc,64a4bbee9c083f0055a9cd58,
60c9f99a5fe99c006644d10f,64a7682adf6546001b36b6ad,
5f6d28877fbe6b017597cdd2,64a454f1908cea0049136dca,
64373692dcae81001afdddf6,64a6e76cd9404b0026c51b59,
5d7e4b626ff826004cf4a5d7,64a4853c4c688d001bc88126,
5bd4b4cb9a7d29003c7b060a,64a6ca1ce44244002f811a22,
636d415d2b28b1001ab6c89c,64a6ca1ee729890027447dcf,
643ada2cc57527001eaf01ec,64a429d621f2ff001bd41ad8,
5bce8ca42ee9e20012dc4369,64a57cf7493937001f42a7b6,
5be745eee3a72f0030f2fc3f,64a49608fa2c7900506eae9e,
6480a7cbc976eb00541b43fa,64a50706799f8d001f23ed8a,
5c62eb104a97b9001ff71e76,64a61a945189b60029019baf,
5ddee97750f5c300603e8475,64a6dc44a965070045486858,
637cfe7265068900307c183b,64a45569facd2900454a068c,
5eda1b7be3b941014eb7e771,64a470f00e0863001ca13b6c,
641cdf713eb822001cdb57ec,64a48b17ef045b0055c8ce09,
649631ade10a42001bcefeb0,64a48c8c97d838005dfc7000,
5bcfd48a63af7800215ea9e3,64a4cfad67df98005d26f8d3,
63ead0d714394d004eb8b9ef,64a43c4efacd29004549f6bc,
5be745eee3a72f0030f2fc3f,64a49a07fa2c7900486eb0b8,
630154b3c0dc820024db337b,64a42f734120a9001b587d40,
6336562f8c76890050d144dd,64a474760e0863001ca140a8,
5c4df1e06610ed00131f1f0d,64a6bc9b63ad60001d6acc8c,
5c4df1e06610ed00131f1f0d,64a56eb00e3f24003578ca9a,
5ddee97750f5c300603e8475,64a58c042d1f8c003f3161a4,
5ddee97750f5c300603e8475,64a5931266202a005288db20,
5f6d28877fbe6b017597cdd2,64a4a2b6121ad00037b86678,
64137cdb35f1e40044e96fb3,64a56d2bb90f320033d3c66f,
6491d7fbe043160027ea899b,64a4c44aef045b004dc8f00b,
639408428e9c67004cedb15d,64a6b569e44244001d8104e7,
62b9e7993dad2c0049da1fac,64a63d115189b6004f01ad4d,
62b9e7993dad2c0049da1fac,64a61f8827f85e00302558b4,
6498d1b154ad61004f948de3,64a70337f4af9500570f0b90,
5eda1b7be3b941014eb7e771,64a6d25a3b7b39003ff4ba6d,
5bcfce9b6bc0d20015321a2b,64a82a78c3ee3e003d6c3710,
6336562f8c76890050d144dd,64a8284fcfb33d003dbc333a,
64137cdb35f1e40044e96fb3,64a8278f4e6470001b882714,
62225537ebf97d01890dcb7d,64a6d2bc094a7e003544cae0,
641cdf713eb822001cdb57ec,64a44a4cfacd29003d49d8de,
63cab05285ef250060d48afa,64a61bef0d6f63002f6a9114,
6012b6fbcba2080188f29d3c,64a8203c598bf3001b2fe422,
642369c72963280056549086,64a6002056e677003fa92d78,
5bb99087b2cb0c000fb6e66a,64a57c0423c5d4001bc92372,
5d3a99724dde2d19361d4b50,64a8218f36547d003dfa5bf7,
643984a3fe07730034385194,64a6e6f0e442440047814212,
5c4df1e06610ed00131f1f0d,64a6e2a18228e3001d8448e6,
63fc60113ccfef17f10f7a64,64a707e63ecbf7001d4f917d,
5e70f6a1eeb3d800590d5931,64a49c7974605f001d24f528,
636d2b7148412e003c3f4eec,64a722f6252b7500217ec7e1,
5eda1b7be3b941014eb7e771,64a710a5b92b07001d929d76,
648e22a3a941d40037f91c3e,64a433f2b01c570044b2254c,
5cb3b9ce738b1e002291f8dc,64a4d0325952af00456b0d7d,
5cb3b9ce738b1e002291f8dc,64a712cafd60c9005736a0a7,
5dc28b96cb81b60056aa59d8,64a729d8be485a0037fb0c92,
6012b6fbcba2080188f29d3c,64a726895eaf56005db26810,
5d3a99724dde2d19361d4b50,64a72b90b92b07001b92b0f8,
5daaa17d07bd6c004d6216bc,64a729c7f68cca001be8a5ca,
6485807cb49e1a0036369a92,64a726d2b92b07004d92b6d3,
636d415d2b28b1001ab6c89c,64a5d3399bbbd3004dc160b3,
641cdf713eb822001cdb57ec,64a72192d3c05100556c7d31,
642369c72963280056549086,64a47f1a0aef35005d808ec1,
6432061830a9770054b1ee93,64a7277a5eaf56003db26c7b,
64405d87283092005c79c3a7,64a71740b04f9c001d296cad,
5d1a583d0846200044dab455,64a4e4fd6cff54004dc0c936,
6480a7cbc976eb00541b43fa,64a7255df68cca0063e88e69,
5e767b8f23fdfb007dd37285,64a5d605c8b40f0045f375aa,
5c9c2c449ca5d300135be360,64a46387e04799002fcd951d,
5e2a5fe299c9200025df9c88,64a7206e831976003d69b32d,
5d3a99724dde2d19361d4b50,64a72326a9ab2c003d535217,
640890ded3c22600460b9a4c,64a5cf403f6731003763eb7d,
5d3161091dad1f005669fe10,64a72973fd60c9004736acc9,
5bbc17e92d5e84002df47df4,64a722119587fe003da98fe6,
63fc60113ccfef17f10f7a64,64a5b0e8d1f6650045204326,
5ce6e0d6e5b33f005ed650ad,64a5917c06d989005475b20c,
601d2990cfb56b00c0f6e548,64a725504112840055440d72,
5e767b8f23fdfb007dd37285,64a721d0fd60c9004736a53c,
5e70f6a1eeb3d800590d5931,64a5f066345fd6001d4ce2a7,
64405d87283092005c79c3a7,64a49a305dfb4a0057087429,
60e3cddc1cd8b3008aec2fec,64a6c74d094a7e001b44b670,
5ddee97750f5c300603e8475,64a581d5ee52f900377355a6,
6483751562ed8d003c5c4ada,64a47c4c86ae5e2f9d0daae5,
647d662800ee81001c260dcb,64a6023097f0410025d13725,
642369c72963280056549086,64a6f4646aaf38005584c3f7,
5c4df1e06610ed00131f1f0d,64a58b9a9bbbd3002dc130df,
6336562f8c76890050d144dd,64a58faf06d989001a75b8af,
6432061830a9770054b1ee93,64a612730d6f63001b6a95f0,
6470f116f74d84004426c7ce,64a46b4f08a120001fdfc00c,
5d2b01c905b57b0038f8c001,64a71ffa252b7500217ec09e,
6432061830a9770054b1ee93,64a71cedbd34c10027640958,
63cab05285ef250060d48afa,64a622f0e0ee7b0025cc503e,
5daaa17d07bd6c004d6216bc,64a44880a52fce004f9d500e,
5bc8b958cbe2130018b59aab,64a61a39204aa80041470fd2,
5e489fcffc0ddd00ae308e03,64a5f1234c4120003dbbcad0,
643ada2cc57527001eaf01ec,64a443ac0d7f39001dd40aca,
6480a7cbc976eb00541b43fa,64a6d3a1d9404b0055c503ae,
6336562f8c76890050d144dd,64a42fab908cea0021135ed0,
641b657cfa76d400449410f2,64a444f2e047990057cd9078,
601d2990cfb56b00c0f6e548,64a446ff0e0863001ea111f3,
642369c72963280056549086,64a453410d7f39001fd41017,
60e10e7bd6156d0161b5bcec,64a456b586ae5e511c0dd363,
5d4c2aa38cbb02004e89a68d,64a5f299e9b93a001b953346,
60e3cddc1cd8b3008aec2fec,64a42ccea52fce001f9d3d6c,
5eda1b7be3b941014eb7e771,64a5f9bb1fd1bd0055e63bae,
6012b6fbcba2080188f29d3c,64a46ca5744d08004d5f8bd9,
5bcd6745f14c6c0057c95205,64a4bb554c688d004dc8b7a6,
5bd4b4cb9a7d29003c7b060a,64a61a1166a828001b9555ba,
6485807cb49e1a0036369a92,64a42e03e047990045cd7696,
641398f922ac1e001e7ccdca,64a4703ae047990045cdb0c2,
631bc4a51f9f68003bbfbb9c,64a61517296ba2001fd1f32b,
6483751562ed8d003c5c4ada,64a58efbe4fa2a00257fb8a5,
648bdb03d0281c001d8dce08,64a6cdafbc705e001f19b06f,
5bce8ca42ee9e20012dc4369,64a58a77a9516d004cdec6e4,
5d3a99724dde2d19361d4b50,64a439e108a120005ddfa39c,
5e489fcffc0ddd00ae308e03,64a4cb0e5b19bc001dd14dd8,
5dc34a72078ee900505d6bcf,64a4ca79668ae1001d504aff,
601d2990cfb56b00c0f6e548,64a5929e56049b003a342537,
6485807cb49e1a0036369a92,64a5bd1b2ec824001fca6ab1,
5bbfc49e8db8ef0033174f1f,64a4a1642f0d2a004d21de64,
641b657cfa76d400449410f2,64a49bf7e642ed005d61fd34,
6491d7fbe043160027ea899b,64a62666296ba20035d1ffea,
647d662800ee81001c260dcb,64a6cfee8228e3005d844144,
60e3cddc1cd8b3008aec2fec,64a582acd67726005d0e6f6b,
63ead0d714394d004eb8b9ef,64a5b3687efb580037469064,
5bcf41806bc0d2003c319c1e,64a47d253e67b00047bfc034,
5dd9cd95c043f300244169b5,64a47b75f1009d00482078c7,
64373692dcae81001afdddf6,64a6de5a3b7b39001bf4e91f,
5f7c0aad9c36d2001bab3156,64a43f3108a120001bdfa4ad,
5e489fcffc0ddd00ae308e03,64a61fbd5189b6005701b67d,
5d2b01c905b57b0038f8c001,64a579dfd6772600460e6cf0,
5c9c2c449ca5d300135be360,64a6f82e63ad60001d6b018f,
5daaa17d07bd6c004d6216bc,64a5c002d1f665001b204ee1,
5bcfd48a63af7800215ea9e3,64a4af9482a5b0003de8244b,
60e3cddc1cd8b3008aec2fec,64a5ff7a2ec824001dcaa3f3,
636d415d2b28b1001ab6c89c,64a6e5e8e72989003c4496aa,
64657dc663b3b50030e4b5b8,64a62c3cbe05530056b1506e,
643ada2cc57527001eaf01ec,64a5959a2d1f8c003f3167d7,
5f7c0aad9c36d2001bab3156,64a773a09e2cd7001b23ff8e,
648713e351e3ab0044fec5ef,64a444a54120a9002958910f,
648e40c51322110031188439,64a45d42facd2900454a0d0f,
5e65b14ccf063e0050a65302,64a6f94a72ed3c00359ac7ee,
64137cdb35f1e40044e96fb3,64a43cb8a8aac8005590dfda,
5bc8b958cbe2130018b59aab,64a5b0f07df1cb003ee7abae,
60e3cddc1cd8b3008aec2fec,64a4497408a1200045dfb3b0,
62225537ebf97d01890dcb7d,64a42a82744d08003d5f6bd5,
641b651ab62ade004c959e56,64a732bec3ee3e00456ba892,
637cfe7265068900307c183b,64a7fa1cbe8d2b0030c10553,
637cfe7265068900307c183b,64a55759dd24730027d9f61e,
637cfe7265068900307c183b,64a4013afacd29002d49b2c3,
5f6d28877fbe6b017597cdd2,64a6c60963ad60001b6acdf2,
60e3cddc1cd8b3008aec2fec,64a76739bd34c1003f643951,
5c47caf922d7e6001ffda802,64a6ed8d7b04ae003a461164,
5c732eddf9bc7d0022e21f81,64a4b49d7666ec004d640c90,
6483751562ed8d003c5c4ada,64a5c7b27df1cb0046e7c202,
5bbfc49e8db8ef0033174f1f,64a80bcd36547d0037fa4783,
641cdf713eb822001cdb57ec,64a6fd1bd9404b002dc529ed,
5bc8b958cbe2130018b59aab,64a4843c219792001bf71a24,
63d4b05551d792003483a56b,64a4651c314e2a00555598c3,
6480a7cbc976eb00541b43fa,64a70000bc705e001b19cfe8,
6470f116f74d84004426c7ce,64a6ffe23ecbf7001d4f82fa,
63fc60113ccfef17f10f7a64,64a6cf51e729890027448aff,
6483751562ed8d003c5c4ada,64a6fda2bc705e002d19e5b3,
5e70f6a1eeb3d800590d5931,64a4910f799f8d001b23ac10,
5eda1b7be3b941014eb7e771,64a5eb91e9b93a003d952437,
641b657cfa76d400449410f2,64a4a7a6121ad0002fb86303,
5c9c2c449ca5d300135be360,64a435c2b01c57004cb23b50,
5d3a99724dde2d19361d4b50,64a706f5d9404b0035c537f0,
5dc28b96cb81b60056aa59d8,64a4c18d7666ec00556417ed,
63ead0d714394d004eb8b9ef,64a6f95d8297240057d41a71,
64137cdb35f1e40044e96fb3,64a455407894940045f7e1d2,
649631ade10a42001bcefeb0,64a72b685eaf560025b26b58,
5d3161091dad1f005669fe10,64a5ebd74ddd5c005d527f17,
6012b6fbcba2080188f29d3c,64a477954f9513005dcd362c,
5d66a81b82d0e30016614969,64a492332d8b95004de269af,
5daaa17d07bd6c004d6216bc,64a5d3d44ddd5c001f5279a7,
6336562f8c76890050d144dd,64a72cac252b7500577ed1a6,
6331f6158282aa004afd1bfe,64a6e5fc3667120057ac8f00,
647a4ee13485dc00568bf30b,64a6e84b63ad60001d6aebd1,
5d1e79fbb690f500354a7a45,64a72dedbe485a0023fb0763,
5daaa17d07bd6c004d6216bc,64a5902106d989005c75b876,
5c9c2c449ca5d300135be360,64a584739c083f003daa19a0,
5ff1681b2b34b201e2fbcb99,64a5cdd3c8b40f004df36802,
5bc8b958cbe2130018b59aab,64a5a6e69bbbd3001bc148cd,
5e70f6a1eeb3d800590d5931,64a72f81bd34c10047640bee,
601d2990cfb56b00c0f6e548,64a72db4252b75004f7ebce7,
5d7e4b626ff826004cf4a5d7,64a49c27a09755005b898c44,
6480a7cbc976eb00541b43fa,64a72a7a57988d005d340701,
642369c72963280056549086,64a4d14e82a5b00025e83126,
6432061830a9770054b1ee93,64a59f25f8c57c00372ba5c4,
5dd29af30daeae0039cb99b7,64a6dae5e9b93a005795c27c,
649631ade10a42001bcefeb0,64a6daa13ecbf7001b4f466b,
5ce6e0d6e5b33f005ed650ad,64a58a372d1f8c0027315ed9,
6012b6fbcba2080188f29d3c,64a4d40b4c688d0045c8b7a2,
5d7e4b626ff826004cf4a5d7,64a72b7cf68cca0035e89f2b,
5f6d28877fbe6b017597cdd2,64a600139bbbd3001fc19475,
5e767b8f23fdfb007dd37285,64a72f50e9d889001c77b8ee,
6491d7fbe043160027ea899b,64a8156bdf6546004d370d8f,
643da680bb6a35001a329073,64a605fa13f7ea0027a30d65,
601d2990cfb56b00c0f6e548,64a567ebef045b0055c93323,
60e3488e13590801622c5012,64a6bd853b7b390021f4bced,
5e70f6a1eeb3d800590d5931,64a4a825fa2c7900306eb95a,
5be745eee3a72f0030f2fc3f,64a4616808a120001bdfc311,
63651c8bf857ca005c713618,64a433f0e04799001bcd6e32,
5dc28b96cb81b60056aa59d8,64a718449587fe001fa98f6b,
5e2a5fe299c9200025df9c88,64a608c89bbbd30045c1b17d,
5bc8b958cbe2130018b59aab,64a4d33aef045b003dc8f538,
5d3161091dad1f005669fe10,64a73cd709e35e00462c1894,
5c15a1d6e6d0ea004270b6cb,64a765da09e35e00562c4167,
6480a7cbc976eb00541b43fa,64a6ebdfd4b4280055f142de,
60a75216d65f1d00c17ff5ee,64a5a996d1f665005d20472d,
647d662800ee81001c260dcb,64a4a8f2ef045b0055c8e8ac,
601d2990cfb56b00c0f6e548,64a42b790d7f39004fd3fb24,
641b657cfa76d400449410f2,64a4a3862f0d2a002f21e3a1,
6480a7cbc976eb00541b43fa,64a70f07252b75003f7ead9c,
649631ade10a42001bcefeb0,64a715e9d3c051002d6c572a,
5bc15dbb8499100039831608,64a4336b744d08002d5f5942,
5c15a1d6e6d0ea004270b6cb,64a4ef985b19bc003fd165ee,
622ac960af519001927bebcd,64a56e76e0f787003df8eb36,
64a5b4cc404cb00055fdf203,64a6d90fe729890027449785,
6331f6158282aa004afd1bfe,64a712a2252b75003f7eb550,
636d2b7148412e003c3f4eec,64a714ae9587fe005da98cf9,
6483751562ed8d003c5c4ada,64a71398d3c05100456c5c74,
5daaa17d07bd6c004d6216bc,64a5e2dbbd1ae1001f9f3b2b,
5f7c0aad9c36d2001bab3156,64a5fdbe393ee20048dd4932,
6432061830a9770054b1ee93,64a5c4a3d1f6650028206611,
6470f116f74d84004426c7ce,64a71741f68cca0055e88f1a,
5daaa17d07bd6c004d6216bc,64a5abf9b505ae005dc466dc,
63651c8bf857ca005c713618,64a715b2fd60c9001f36a4a1,
63ead0d714394d004eb8b9ef,64a47572facd29003d49f129,
640a6cbd3e30ef00308cade4,64a761f09e2cd7002923e254,
6012b6fbcba2080188f29d3c,64a482f4f1b95b003552fc0b,
641cdf713eb822001cdb57ec,64a49370121ad00027b851e8,
640a6cbd3e30ef00308cade4,64a6117e16b4b3001bc61c7d,
6470f116f74d84004426c7ce,64a47011abeb2f001d7fa609,
6480a7cbc976eb00541b43fa,64a456b65f41484c888c4fe0,
6432061830a9770054b1ee93,64a71335fd60c9001b36a3bf,
5daaa17d07bd6c004d6216bc,64a41eb1908cea00411345a7,
5ce6e0d6e5b33f005ed650ad,64a56ebb1b4f6f0021b969dd,
648bdb03d0281c001d8dce08,64a817903aa4c300277edee9,
6012b6fbcba2080188f29d3c,64a58ade56049b00553416b5,
6413947bc72df500362e038b,64a4c4c4ef045b001bc8fd68,
5daaa17d07bd6c004d6216bc,64a43123314e2a002555945b,
642369c72963280056549086,64a6e75cd9404b0045c507dd,
5bcfce9b6bc0d20015321a2b,64a816bd4c9fb7002381e3b1,
630154b3c0dc820024db337b,64a81bf3ed328c00371a1df3,
637cfe7265068900307c183b,64a81b583aa4c3001b7edf05,
647d662800ee81001c260dcb,64a42552a8aac8002d90f0e2,
6331f6158282aa004afd1bfe,64a57ab3b90f320033d3d38d,
5dc34a72078ee900505d6bcf,64a425470e0863001ca10f87,
5dc34a72078ee900505d6bcf,64a5725cee52f9004f73576d,
5dc34a72078ee900505d6bcf,64a8186c71dd98001db1cbe4,
5dc34a72078ee900505d6bcf,64a6c60ed4b428004df10940,
631bc4a51f9f68003bbfbb9c,64a81afbb28d27003dd25c4d,
5d23b00b92d773004a1c4a3b,64a572f41830fb003b61cafb,
62b9e7993dad2c0049da1fac,64a62ed9810f71003743d669,
63cab05285ef250060d48afa,64a81d61ed328c00271a1789,
5d23b00b92d773004a1c4a3b,64a579fdee52f9001d736195,
6480a7cbc976eb00541b43fa,64a823b71d12d80023b41ed4,
6331f6158282aa004afd1bfe,64a6d16363ad60003d6ae8a3,
5c9c2c449ca5d300135be360,64a431c23e67b0003dbf80bd,
5daaa17d07bd6c004d6216bc,64a81752e54190001b95f123,
643ada2cc57527001eaf01ec,64a81e4faebf67001d44ac84,
5daaa17d07bd6c004d6216bc,64a71528c3ee3e00456b78cd,
6336562f8c76890050d144dd,64a44e9ca52fce001d9d5f38,
5c9c2c449ca5d300135be360,64a58a747e045f001d9b1420,
63fc60113ccfef17f10f7a64,64a5ac1ed69955001f326745,
5bbfc49e8db8ef0033174f1f,64a4429f3e67b0002fbf8be3,
649631ade10a42001bcefeb0,64a6d460e442440027812486,
6483751562ed8d003c5c4ada,64a44c763e67b0001dbf9ee8,
5e767b8f23fdfb007dd37285,64a7146fd42170004920f2a5,
5ce6e0d6e5b33f005ed650ad,64a5813bf08777001dd8473a,
6331f6158282aa004afd1bfe,64a43199e047990057cd8275,
60e3cddc1cd8b3008aec2fec,64a5bcea1e0cf6004511dff1,
6012b6fbcba2080188f29d3c,64a4a709e642ed004561fc32,
5eda1b7be3b941014eb7e771,64a81ed54586d5004de811b1,
643ada2cc57527001eaf01ec,64a6ff2ce72989005144a86f,
640d11bc0607d1005400c4b1,64a634c305677400273d4a68,
5ce6e0d6e5b33f005ed650ad,64a57aa6b90f320033d3d385,
63d4b05551d792003483a56b,64a6297b296ba20047d1f9de,
60e3cddc1cd8b3008aec2fec,64a5d4953f6731004f63e391,
5bbfc49e8db8ef0033174f1f,64a4925b9561a9004de4f19a,
5daaa17d07bd6c004d6216bc,64a5dd43810f71002d438b9f,
5daaa17d07bd6c004d6216bc,64a5fbdb8c64b1003f762584,
5bbfc49e8db8ef0033174f1f,64a81f0b1d12d8001cb429dc,
60e3488e13590801622c5012,64a6cde0d4b428001df11014,
642369c72963280056549086,64a4296df1009d0058204416,
5d2b01c905b57b0038f8c001,64a5b5245409c7001fc7b373,
6084da0717e352001e9333f4,64a5b87df72336001dfcdf93,
6084da0717e352001e9333f4,64a5c1535317a8001f7b202a,
6346e58242806200239cf099,64a707218297240055d42385,
5c9c2c449ca5d300135be360,64a44324facd29005d49e5ad,
617f30155080a501d6299fb0,64a7035972ed3c005d9acfcc,
647d662800ee81001c260dcb,64a4ba537666ec001b6420c3,
5d9b8f84d1f12000261af5e4,64a5b3925317a800477af1a4,
5daaa17d07bd6c004d6216bc,64a4613be047990045cd9cd6,
5eda1b7be3b941014eb7e771,64a5cbeb404cb0005dfe1326,
60e3cddc1cd8b3008aec2fec,64a6db3315b3dd004dcb4b0d,
5d3161091dad1f005669fe10,64a5c2c65409c70021c7c9a7,
64373692dcae81001afdddf6,64a438d108a120004fdf9f9c,
64657dc663b3b50030e4b5b8,64a77e282455e3002521a30e,
5e489fcffc0ddd00ae308e03,64a62cc627f85e0037257330,
6485807cb49e1a0036369a92,64a45fcfa8aac800459130d3,
6012b6fbcba2080188f29d3c,64a45f370d7f390047d4119b,
6480a7cbc976eb00541b43fa,64a5a3fc393ee20028dcd91b,
5daaa17d07bd6c004d6216bc,64a496755dfb4a004f086fca,
5d23b00b92d773004a1c4a3b,64a5eba72ec8240027ca94da,
64137cdb35f1e40044e96fb3,64a41ad3439d3d001b252fd5,
5bce8ca42ee9e20012dc4369,64a59da99bbbd3001dc13f43,
648e22a3a941d40037f91c3e,64a48dd52f0d2a002f21cdd3,
62c62e2b6e7253005bcd0ba2,64a4824168a227005e68b1a0,
5bcfd48a63af7800215ea9e3,64a4bf98799f8d003323d8db,
6483751562ed8d003c5c4ada,64a5ac7537829c00379a2d0c,
5d2b01c905b57b0038f8c001,64a72e3d9587fe0035a9ac7f,
648bdb03d0281c001d8dce08,64a77cc7598bf3005d2f895a,
5ddee97750f5c300603e8475,64a5963e37829c004d9a1726,
6491d7fbe043160027ea899b,64a77af109e35e001b2c3267,
5c15a1d6e6d0ea004270b6cb,64a77d44b6acec005d649bd8,
5e70f6a1eeb3d800590d5931,64a60a9516b4b3001dc60e00,
5e70f6a1eeb3d800590d5931,64a6106c16b4b3001dc61575,
641b657cfa76d400449410f2,64a47b5d0e08630034a14f07,
6480a7cbc976eb00541b43fa,64a59ea0d699550047325487,
6483751562ed8d003c5c4ada,64a4930182a5b0001de7ff2a,
648bdb03d0281c001d8dce08,64a78188bd34c1003f644726,
640d11bc0607d1005400c4b1,64a62df227f85e0030255c19,
5c098752a82e8b004836c894,64a740d1a9ab2c0045537b37,
638fa9119924760062323f3e,64a49ecc9561a9004de5006c,
5d3161091dad1f005669fe10,64a74443b92b07005d92d6fa,
64657dc663b3b50030e4b5b8,64a4836c82a5b0005de7f4ba,
5eda1b7be3b941014eb7e771,64a743e9c1c6da001df4f299,
6483751562ed8d003c5c4ada,64a5f63079cf1f003f5af28d,
6012b6fbcba2080188f29d3c,64a74146b92b07005d92d3c8,
6336562f8c76890050d144dd,64a48ce52f0d2a002821cc67,
5ce65f42fb1f9f004ca303e2,64a744efc1c6da001df4f483,
60c9f99a5fe99c006644d10f,64a74277c3ee3e001f6bab74,
641cdf713eb822001cdb57ec,64a7328294142a001bb8dd59,
5bcfce9b6bc0d20015321a2b,64a73be1a9ab2c001b53685a,
6432061830a9770054b1ee93,64a743159e2cd7002723c3a7,
5c09d58da82e8b00303776f4,64a72925c3ee3e005d6b8a2e,
5bcf41806bc0d2003c319c1e,64a6c79c63ad6000456ad2d8,
63320d7fe0cb26005bdf46fb,64a743bd5ca0390047896c3c,
63ead0d714394d004eb8b9ef,64a6df9f6aaf38001d84a3ee,
6483751562ed8d003c5c4ada,64a4556f5f414868a18d2e0a,
648713e351e3ab0044fec5ef,64a4576c4120a9005d588cfd,
6480a7cbc976eb00541b43fa,64a5e6b106c2d8003fc2ac90,
5daaa17d07bd6c004d6216bc,64a46f2b3e67b0001bbfba73,
5bc8b958cbe2130018b59aab,64a5c5735b3613001bc6b2a2,
5e70f6a1eeb3d800590d5931,64a4bd964c688d0055c8ac44,
637cfe7265068900307c183b,64a41d355f4148689e8d465b,
5dbd899cedd116002f86bb4c,64a6d11615b3dd001dcb57db,
5bbfc49e8db8ef0033174f1f,64a6be7fe9b93a0027959a7e,
6491d7fbe043160027ea899b,64a4d60467df98002726fc9b,
6480a7cbc976eb00541b43fa,64a5cf6d9bbbd30055c1685e,
640a6cbd3e30ef00308cade4,64a6f0b0e442440027814ee6,
6485807cb49e1a0036369a92,64a47b710e0863001ea12fff,
6483751562ed8d003c5c4ada,64a5ce53393ee20041dcfd55,
5bcfd48a63af7800215ea9e3,64a4c65a70501c001db3eb1a,
5be745eee3a72f0030f2fc3f,64a471ba76b0ea001b1da7c6,
5d3f4eda143f7d00681a5b72,64a6caa73b9fa4002f3ce06e,
5bc4f615fdb44f0033249993,64a4617ffacd29001b4a0306,
5eda1b7be3b941014eb7e771,64a47cdaa8aac8003591027d,
6012b6fbcba2080188f29d3c,64a44d4a3068760045c97c09,
63320d7fe0cb26005bdf46fb,64a4bc1b9c083f0055a9cdbf,
64405d87283092005c79c3a7,64a6e349f4af9500230ece8c,
5c9c2c449ca5d300135be360,64a60c0bf4af95002f0e7ffe,
6432061830a9770054b1ee93,64a46e43a8aac80025912c0f,
64137cdb35f1e40044e96fb3,64a6e2dfe72989002f44954f,
5e489fcffc0ddd00ae308e03,64a6249d9bbbd30035c1aa8c,
6046702bbf42da0078efb2ea,64a5fa28345fd600424cf2e2,
5e489fcffc0ddd00ae308e03,64a6096d810f71002d43b5c6,
5bcf41806bc0d2003c319c1e,64a442067894940035f7d9bd,
5d3a99724dde2d19361d4b50,64a6cc793ecbf7005d4f4b05,
601d2990cfb56b00c0f6e548,64a4d695fa2c7900206ee9d6,
5c9c2c449ca5d300135be360,64a5bf968c64b1001d75f917,
5daaa17d07bd6c004d6216bc,64a56bab668ae1001d507e23,
5daaa17d07bd6c004d6216bc,64a4c1d1a09755005b89a8cd,
640d11bc0607d1005400c4b1,64a61b16e0ee7b004dcc47a6,
5dd29af30daeae0039cb99b7,64a5fa1d0d6f63001b6a7e92,
5bbc17e92d5e84002df47df4,64a49324950a32005d4e7d54,
5c9c2c449ca5d300135be360,64a5fbbf56e677002fa932ab,
640890ded3c22600460b9a4c,64a5d8ba9bbbd3003dc18032,
5bbfc49e8db8ef0033174f1f,64a6c361a96507001f484b1f,
5e767b8f23fdfb007dd37285,64a47de21269b7001d366780,
5bc228de5c7595000cd2beba,64a6d7d0e72989002f448798,
5dadb15ccef702001d64fbe7,64a5974037829c001b9a1cff,
6499cb8b61dfad004dd9c8a2,64a601f497f041001dd13b7b,
6307aa150e0e39005bf02ed8,64a47897abeb2f004d7fb21b,
637cfe7265068900307c183b,64a6ce043b9fa4003f3cf597,
5d66a81b82d0e30016614969,64a49ff15b19bc004dd12a19,
6480a7cbc976eb00541b43fa,64a6039c5409c7001dc80f13,
5ff1681b2b34b201e2fbcb99,64a5c2808c64b1002f75f963,
5c174350f0b7e7005dd15828,64a4e95e2f0d2a001d220742,
5d23b00b92d773004a1c4a3b,64a5f9e356e677003fa9247a,
639408428e9c67004cedb15d,64a5b94066202a004788e303,
63651c8bf857ca005c713618,64a59ddfd1f665002820371d,
5d58c07a73d8d50030d319c6,64a4988c121ad00037b85a51,
6413947bc72df500362e038b,64a62a93f3b1580055896ca5,
5e65b14ccf063e0050a65302,64a6ed798228e30055845053,
5e65b14ccf063e0050a65302,64a457e5306876003dc9844c,
5ce6e0d6e5b33f005ed650ad,64a456bfe047990049cd978d,
6336562f8c76890050d144dd,64a46c66314e2a001b55b162,
60e3cddc1cd8b3008aec2fec,64a58ef62d1f8c0037315fe7,
63fc60113ccfef17f10f7a64,64a42e20e04799001bcd6cf6,
5f6d28877fbe6b017597cdd2,64a6fd8ae44244002f814957,
5e767b8f23fdfb007dd37285,64a45b85744d0800555f7ac9,
637d22b6c96aca001a8fd664,64a4628a0d7f390037d42066,
6491d7fbe043160027ea899b,64a4267fc482fc70bc507130,
5bc9118fc5487000126d7e12,64a4873f9c083f002da9b37e,
5e2a5fe299c9200025df9c88,64a4d6ec493937001f426ebb,
6483751562ed8d003c5c4ada,64a4364df1009d0020205000,
6470f116f74d84004426c7ce,64a4c4c2668ae10030504f94,
648e22a3a941d40037f91c3e,64a45c31b01c57004cb25724,
649631ade10a42001bcefeb0,64a70974a965070055488ed6,
5e2a5fe299c9200025df9c88,64a5e9e48c64b1001f76202f,
5d2b01c905b57b0038f8c001,64a5d8fb345fd6001f4ccf9d,
5dc28b96cb81b60056aa59d8,64a48c2368a227005e68bbb6,
5d3a99724dde2d19361d4b50,64a45ef15f41484cdb8ce3d0,
64137cdb35f1e40044e96fb3,64a81dfb3aa4c300577ed831,
63ead0d714394d004eb8b9ef,64a6f25b71596f001b5103a7,
64234694459fd700341f880c,64a479424120a9001f58b7c3,
64234694459fd700341f880c,64a472a6b01c57005cb263b2,
5d3f4eda143f7d00681a5b72,64a6d63515b3dd003dcb50c8,
64234694459fd700341f880c,64a52f0f2f0d2a004d221118,
64657dc663b3b50030e4b5b8,64a3aafdc482fc16f94fc974,
5be745eee3a72f0030f2fc3f,64a4a11070501c001fb3c8a7,
637d22b6c96aca001a8fd664,64a46cefb01c57004fb25d1d,
5e2a5fe299c9200025df9c88,64a4ba68950a3200434ea27c,
64137cdb35f1e40044e96fb3,64a6b9f2bc705e002d19af9e,
5d576b97f591d4001b71fb47,64a423686af39d002ba3faa9,
5bd4b4cb9a7d29003c7b060a,64a6158816b4b3005dc62550,
5d3a99724dde2d19361d4b50,64a6dbbbd4b4280055f1263e,
648713e351e3ab0044fec5ef,64a589b2a8878100451e6b5f,
60e10e7bd6156d0161b5bcec,64a42c4b86ae5e511e0da4d6,
60e3cddc1cd8b3008aec2fec,64a43efe5f414868a18d1ceb,
5e2a5fe299c9200025df9c88,64a5faa25189b6001d0184af,
6483751562ed8d003c5c4ada,64a49f5ca097550035899741,
62c62e2b6e7253005bcd0ba2,64a489ac2f0d2a003f21c970,
637d22b6c96aca001a8fd664,64a6c4988228e3004d843801,
60e3cddc1cd8b3008aec2fec,64a6e4a13b9fa4001d3d0b8d,
5c4df1e06610ed00131f1f0d,64a593b8a9516d0024ded0d2,
640d11bc0607d1005400c4b1,64a629a493923a001f9014a7,
5c9c2c449ca5d300135be360,64a57e3b2f0d2a004d22509a,
63ead0d714394d004eb8b9ef,64a5a8a58c64b1004775f274,
64657dc663b3b50030e4b5b8,64a63381204aa80025471c83,
5bbfc49e8db8ef0033174f1f,64a57bf0dd24730047da18e9,
5f7c0aad9c36d2001bab3156,64a62ab6f3b158001d896b58,
6470f116f74d84004426c7ce,64a4812d7fd67e0027877242,
5e70f6a1eeb3d800590d5931,64a479bd76b0ea001b1dad03,
5e2a5fe299c9200025df9c88,64a6015c06c2d80037c2c507,
64137cdb35f1e40044e96fb3,64a562aa4939370037429e7e,
5f7c0aad9c36d2001bab3156,64a4c6895b19bc004dd154d1,
5dd9cd95c043f300244169b5,64a7064cd4b428002bf16db8,
5dadb15ccef702001d64fbe7,64a573e45b19bc0055d17df3,
601d2990cfb56b00c0f6e548,64a6357f27f85e0057258235,
5daaa17d07bd6c004d6216bc,64a7074d094a7e003545081d,
631bc4a51f9f68003bbfbb9c,64a7006f1e5cdd003dbcfc2c,
5ce6e0d6e5b33f005ed650ad,64a8253996a88a001d080867,
5bd4b4cb9a7d29003c7b060a,64a6d9d8a96507002f485cc6,
5d576b97f591d4001b71fb47,64a428c5e04799001bcd67be,
64657dc663b3b50030e4b5b8,64a6030a355975005980506c,
643ada2cc57527001eaf01ec,64a56f534282d8001d4a748d,
643ada2cc57527001eaf01ec,64a58c11cf0808003582ac85,
643ada2cc57527001eaf01ec,64a824cf3aa4c300517eefee,
647d662800ee81001c260dcb,64a609940d6f63001d6a7f5d,
5daea09fc54ecc0056fcc0f0,64a5fa7c0d6f63004f6a7c55,
5c9c2c449ca5d300135be360,64a6ed2963ad6000356af4bd,
64405d87283092005c79c3a7,64a5f22b296ba20057d1d70f,
6432061830a9770054b1ee93,64a70826f4af95004f0efb29,
631bc4a51f9f68003bbfbb9c,64a82d281d12d8001eb411f7,
646e615029e501002603d20a,64a6d751e44244001b8120f8,
5f7c0aad9c36d2001bab3156,64a760f4598bf300452f8341,
6480a7cbc976eb00541b43fa,64a60a6113f7ea003da3128f,
5cbc800394be280019133735,64a82a1996a88a003508142a,
5d2e93d6b4f110002009fa55,64a58623668ae10027508870,
648bdb03d0281c001d8dce08,64a432ed7894940055f7cdb6,
5c9c2c449ca5d300135be360,64a6d5b87b04ae002245f810,
631bc4a51f9f68003bbfbb9c,64a48a75799f8d005523acf4,
64a46b81f1009d0058206bdb,64a7042a829724003fd423c6,
5daaa17d07bd6c004d6216bc,64a6d7ed15b3dd005dcb6989,
601d2990cfb56b00c0f6e548,64a8283b3aa4c3003f7ee39c,
648bdb03d0281c001d8dce08,64a5810eef045b0027c92b2a,
643da680bb6a35001a329073,64a618340d6f63001f6a85f6,
5eda1b7be3b941014eb7e771,64a82d514586d50045e81f81,
5bbfc49e8db8ef0033174f1f,64a42f5586ae5e5ef80e60a5,
5bbfc49e8db8ef0033174f1f,64a6cde5f4af95001f0edaa3,
6480a7cbc976eb00541b43fa,64a82a861b7870002df2d8e3,
6480a7cbc976eb00541b43fa,64a5ae3c2ec824001bca6ebf,
5d2b01c905b57b0038f8c001,64a7032863ad6000556b1bc6,
5e65b14ccf063e0050a65302,64a70526a9d6aa001bc3a6f0,
5bcf41806bc0d2003c319c1e,64a425a05f4148689c8d0f43,
5daaa17d07bd6c004d6216bc,64a599098c64b1004775de87,
5bcf41806bc0d2003c319c1e,64a5a79237829c00379a285c,
5bcd4ea2f14c6c0024c9506a,64a6e119a96507002f4864cf,
5bcd4ea2f14c6c0024c9506a,64a441f4b01c57004fb23a22,
6470f116f74d84004426c7ce,64a82f3909e35e00252c79ee,
6470f116f74d84004426c7ce,64a59debd1f6650028203751,
64373692dcae81001afdddf6,64a80fd63aa4c3002f7edabe,
64405d87283092005c79c3a7,64a4ae5b9d0267005d4b062e,
636d2b7148412e003c3f4eec,64a5be049bbbd3003dc16044,
642369c72963280056549086,64a3a6384a36e2003109bafb,
6336562f8c76890050d144dd,64a45e48908cea0029136deb,
631bc4a51f9f68003bbfbb9c,64a41fbbf1009d0038204573,
5d3f4eda143f7d00681a5b72,64a58d2974a76f0045721576,
6458505d62904a001c7ed93c,64a724cbe9d889004c77b3e8,
5d3161091dad1f005669fe10,64a5b6edd1f665002820506c,
5c09d58da82e8b00303776f4,64a44fbe21f2ff001dd44504,
63651c8bf857ca005c713618,64a5cd7e37829c001f9a3ea4,
6483751562ed8d003c5c4ada,64a4b7cb121ad0001bb87e0f,
608de8df616207011c2f8930,64a44e88e04799004fcd7669,
637d22b6c96aca001a8fd664,64a4a6199c083f004da9cb45,
60e3cddc1cd8b3008aec2fec,64a4d6b36cff540045c0bed8,
640a6cbd3e30ef00308cade4,64a6e09ee9b93a001b9597c9,
60e10e7bd6156d0161b5bcec,64a436215f41484cdd8cd588,
649631ade10a42001bcefeb0,64a45dda3e67b00028bfae8b,
64657dc663b3b50030e4b5b8,64a61ae727f85e003025571a,
5c4df1e06610ed00131f1f0d,64a5fd4de0ee7b0025cc35e4,
5bc4f615fdb44f0033249993,64a44fba0e08630044a1284c,
6084da0717e352001e9333f4,64a59bc953c5b1005d762ca9,
6480a7cbc976eb00541b43fa,64a5fce49bbbd3005dc17950,
5c9c2c449ca5d300135be360,64a6c8f1a96507001f484ce6,
6480a7cbc976eb00541b43fa,64a6ddb2bc705e001b19b5d8,
601d2990cfb56b00c0f6e548,64a6effabc705e001f19ca99,
64234694459fd700341f880c,64a4609d21f2ff001dd45306,
64234694459fd700341f880c,64a490c9f1b95b00355304fa,
6012b6fbcba2080188f29d3c,64a49fd6121ad0001db84f87,
5c09d58da82e8b00303776f4,64a5b21ad6995500473266cc,
637cfe7265068900307c183b,64a496c782a5b00055e8056c,
5c7193e101b5f00025e7bcd6,64a4947082a5b0001de801e1,
6483751562ed8d003c5c4ada,64a5b34df8c57c001b2bb2e0,
5c09d58da82e8b00303776f4,64a6e7949bbbd30035c206a4,
642369c72963280056549086,64a60772be05530026b12a9f,
5ff1681b2b34b201e2fbcb99,64a5e1a60d6f63001d6a661c,
631bc4a51f9f68003bbfbb9c,64a58fa0d69955001d325109,
5e2a5fe299c9200025df9c88,64a4b0c282a5b0001de823a7,
6336562f8c76890050d144dd,64a480ebe0783b001b325b40,
5bcf41806bc0d2003c319c1e,64a4507f744d0800355f7da5,
642369c72963280056549086,64a5c9e3cf0808004d82f2ba,
63d4b05551d792003483a56b,64a5f6765409c70057c7e6a4,
5f6d28877fbe6b017597cdd2,64a413aa157035001b4e9637,
63cab05285ef250060d48afa,64a4a625799f8d001d23b62a,
64657dc663b3b50030e4b5b8,64a735d409e35e002e2c0b48,
5e767b8f23fdfb007dd37285,64a73fe8252b7500577ee4a8,
6413947bc72df500362e038b,64a4b238f1b95b00515316d7,
62225537ebf97d01890dcb7d,64a57d2f5b19bc004dd19588,
5daaa17d07bd6c004d6216bc,64a48c94121ad00037b84e22,
5eda1b7be3b941014eb7e771,64a5dde18c64b100377635e9,
63cab05285ef250060d48afa,64a4b1b397d838002ffc8e33,
5ce65f42fb1f9f004ca303e2,64a73b35a9ab2c002d536ecd,
5c4df1e06610ed00131f1f0d,64a6f13e9bbbd3004dc1dfe3,
6432061830a9770054b1ee93,64a7402fb92b07003592d4b2,
636d2b7148412e003c3f4eec,64a71cf1411284005d440a25,
6483751562ed8d003c5c4ada,64a4a8cc9d026700454b03cc,
5dd9cd95c043f300244169b5,64a73b269587fe001ba9bd18,
6012b6fbcba2080188f29d3c,64a4bb45121ad0004fb877c5,
5e489fcffc0ddd00ae308e03,64a617c7056774001b3d35c5,
601d2990cfb56b00c0f6e548,64a739ec9e2cd7003123bc7f,
5bcd6745f14c6c0057c95205,64a4a95dfa2c7900286ebd87,
6012b6fbcba2080188f29d3c,64a715f2c1c6da0031f4ccda,
64a5b4cc404cb00055fdf203,64a74200239027002708812f,
6491d7fbe043160027ea899b,64a4ea5b4c688d0045c8c44c,
64405d87283092005c79c3a7,64a6e82263ad60001d6aeb95,
5d576b97f591d4001b71fb47,64a812a6c1c6da004ff55bde,
6470f116f74d84004426c7ce,64a5d4ff1e0cf6001d11fced,
5e70f6a1eeb3d800590d5931,64a48c3097d838005dfc6f94,
5bb99087b2cb0c000fb6e66a,64a5fa1f37829c001d9a69f7,
5daaa17d07bd6c004d6216bc,64a6eac3e44244001d813cfe,
5bce8ca42ee9e20012dc4369,64a595b08c64b1004775da90,
601d2990cfb56b00c0f6e548,64a5a16d5409c70021c7b07e,
63d4b05551d792003483a56b,64a488509c083f0035a9bb40,
64657dc663b3b50030e4b5b8,64a63d11f4af95002f0e9f90,
6488a5bf8a91ff001a0b6014,64a4b8319c083f002da9df42,
60e3cddc1cd8b3008aec2fec,64a436f7744d0800355f679d,
648713e351e3ab0044fec5ef,64a6e623a96507004d4866ed,
5c2aecb36d1760004e3e10a1,64a82212be8d2b001dc12e06,
6493a5e9cd00a30043f26908,64a755afc1c6da0041f4fe47,
5bcfd48a63af7800215ea9e3,64a60b0a5409c70036c7f4f1,
5ddee97750f5c300603e8475,64a6c3e83db883004da6f89e,
5ddee97750f5c300603e8475,64a56f9548f69e001f812df2,
6407432c016c4c0054da7966,64a821a236547d0047fa5843,
5e2a5fe299c9200025df9c88,64a7427e677b52003733c8b3,
5d2b01c905b57b0038f8c001,64a56d45dd2473001dda0c81,
64a5b4cc404cb00055fdf203,64a81c669a2fde001d7d110a,
64a5b4cc404cb00055fdf203,64a6be4acf135e0047260140,
5daaa17d07bd6c004d6216bc,64a57f1b5b19bc004dd1977e,
60a75216d65f1d00c17ff5ee,64a8267cbe8d2b0055c15578,
5e767b8f23fdfb007dd37285,64a7290ca9ab2c005d5359a7,
647d662800ee81001c260dcb,64a431fb08a1200031df9b3f,
5d3f4eda143f7d00681a5b72,64a6d9f0e9b93a004d959e35,
648bdb03d0281c001d8dce08,64a8229faebf67004f44b4ed,
631bc4a51f9f68003bbfbb9c,64a82971598bf3001d3004e7,
637cfe7265068900307c183b,64a82514bd34c10047649ba6,
5e65b14ccf063e0050a65302,64a6f60d71596f00445101ae,
5bce8ca42ee9e20012dc4369,64a8258c1d12d80034b40c12,
648713e351e3ab0044fec5ef,64a432de08a1200031df9cf9,
6480a7cbc976eb00541b43fa,64a752f8c1c6da0041f4fc67,
63320d7fe0cb26005bdf46fb,64a603d38c64b1001b765da0,
5e70f6a1eeb3d800590d5931,64a4b127799f8d001d23bd7b,
608de8df616207011c2f8930,64a4772cb01c57005cb268fa,
6084da0717e352001e9333f4,64a81e995eaf56001db3007f,
5bc4f615fdb44f0033249993,64a71a8b831976005569b467,
6483751562ed8d003c5c4ada,64a6e72ad4b428004df1387b,
5d3a99724dde2d19361d4b50,64a74944c1c6da001ff4f988,
5d3161091dad1f005669fe10,64a74d4b5eaf56005db28dbc,
6491d7fbe043160027ea899b,64a8254b598bf3001f2ff9d1,
63ead0d714394d004eb8b9ef,64a43226a8aac8001d910540,
63ead0d714394d004eb8b9ef,64a826a2b6acec003064dab0,
63ead0d714394d004eb8b9ef,64a5845cb90f32001dd3da82,
5be745eee3a72f0030f2fc3f,64a475b5908cea00511379cd,
6493a5e9cd00a30043f26908,64a75b07339f670055b3fc3b,
5cbc800394be280019133735,64a82073e541900027960084,
5bcfce9b6bc0d20015321a2b,64a7252a9587fe001fa99ce8,
60e3488e13590801622c5012,64a745ef5ca0390027896915,
648713e351e3ab0044fec5ef,64a825bcbd34c10055649315,
5bcf41806bc0d2003c319c1e,64a706881e5cdd0034bcff45,
647d662800ee81001c260dcb,64a4c84a9d0267005d4b1e71,
6480a7cbc976eb00541b43fa,64a420148b8e49003127231f,
5c4df1e06610ed00131f1f0d,64a576fddd2473005dda0f4b,
649631ade10a42001bcefeb0,64a4678d789494001df7e8f6,
5d2b01c905b57b0038f8c001,64a70b8cb92b070045929a61,
5ce6e0d6e5b33f005ed650ad,64a432354120a90029588452,
5d2b01c905b57b0038f8c001,64a57ff7ef045b004dc9208d,
6331f6158282aa004afd1bfe,64a6f1be8228e3004584579f,
648713e351e3ab0044fec5ef,64a603d4345fd600374cebf5,
6480a7cbc976eb00541b43fa,64a46f6076b0ea003d1da7b2,
641b657cfa76d400449410f2,64a477030d7f390024d42950,
5daaa17d07bd6c004d6216bc,64a466fa744d08001b5f9169,
641b657cfa76d400449410f2,64a45fa3b01c57004cb25be1,
5bc8b958cbe2130018b59aab,64a5b846e9b93a004594ffb5,
5bc228de5c7595000cd2beba,64a5811b23c5d40055c9239b,
5bcf41806bc0d2003c319c1e,64a4315aa52fce00359d4184,
630154b3c0dc820024db337b,64a43cf63068760045c9726b,
63cab05285ef250060d48afa,64a4c3d882a5b0001be81928,
648713e351e3ab0044fec5ef,64a43a965f414843cb8c96cd,
6470f116f74d84004426c7ce,64a46013e04799002dcda699,
5bd4b4cb9a7d29003c7b060a,64a6d22d094a7e005544c2a4,
5daaa17d07bd6c004d6216bc,64a586a397d8380037fcc864,
6432061830a9770054b1ee93,64a4387cc482fc6a4150439d,
5dc28b96cb81b60056aa59d8,64a43998facd29003d49c878,
5d1a583d0846200044dab455,64a4cec7121ad0002fb879b4,
64234694459fd700341f880c,64a51ce5fa2c7900486eeaed,
64234694459fd700341f880c,64a4ac38121ad0001db86076,
637cfe7265068900307c183b,64a5840195d1780039c201b6,
63ead0d714394d004eb8b9ef,64a45a4c4120a90045589add,
640d11bc0607d1005400c4b1,64a60c3b08e5b80051f0cc3a,
63cab05285ef250060d48afa,64a4b6bc70501c0047b3e6a8,
63fc60113ccfef17f10f7a64,64a437d1b01c57003cb239ed,
6498d1b154ad61004f948de3,64a6fc66d4b4280037f15dc3,
64137cdb35f1e40044e96fb3,64a58acc9ff6a4001f920419,
5dd9cd95c043f300244169b5,64a44c35a8aac8003d9116db,
5bbfc49e8db8ef0033174f1f,64a59cd78ca69f0045ca6c44,
6480a7cbc976eb00541b43fa,64a43a154120a9001d589965,
64137cdb35f1e40044e96fb3,64a422c73e67b0005dbf8359,
6336562f8c76890050d144dd,64a4d126a474db003f00d7e7,
649631ade10a42001bcefeb0,64a480421cfa06005ec5cd35,
5c2aecb36d1760004e3e10a1,64a42b0421f2ff0045d4175e,
647e469db357b5002c5f8665,64a4962c5b19bc001fd11e7a,
5bdf68f3b80ff7000c06fc6e,64a4ad0d4c688d0035c8a688,
5daaa17d07bd6c004d6216bc,64a5f3e3345fd6003f4ce763,
5daaa17d07bd6c004d6216bc,64a5b8498c64b1004f75f789,
5bc8b958cbe2130018b59aab,64a6248ff4af95001f0e8734,
601d2990cfb56b00c0f6e548,64a48ed5950a32001b4e7dec,
649631ade10a42001bcefeb0,64a6e2e1073ee6005d7e405b,
5bcf41806bc0d2003c319c1e,64a587913971ca003593c13f,
5d12bbcf2e79b5005f3c6f65,64a6077de9b93a00459538fe,
5bbfc49e8db8ef0033174f1f,64a43bfff1009d0020205460,
5bbfc49e8db8ef0033174f1f,64a433b33e67b0003fbf8fbd,
643ada2cc57527001eaf01ec,64a6cc4a8228e3003d8432ab,
64926fc8839d5c003aa22622,64a6dc88d9404b005dc5076e,
5c9c2c449ca5d300135be360,64a4525e86ae5e687b0d7248,
6084da0717e352001e9333f4,64a5ab4d5317a8001d7af94b,
60e10e7bd6156d0161b5bcec,64a442f03068760035c9748f,
63651c8bf857ca005c713618,64a6d7ea6aaf3800358490e1,
5e2a5fe299c9200025df9c88,64a4e2d2fa2c79001e6ee0fd,
64405d87283092005c79c3a7,64a45d1b314e2a004d55b2a4,
5f6d28877fbe6b017597cdd2,64a5f2545189b60041017fa0,
647a4ee13485dc00568bf30b,64a71c11411284004d44143b,
641b657cfa76d400449410f2,64a4c97382a5b0004de83140,
5e70f6a1eeb3d800590d5931,64a48775799f8d004523a96f,
5e70f6a1eeb3d800590d5931,64a71fd8b04f9c003f296452,
6480a7cbc976eb00541b43fa,64a71bafd3c051003d6c60b0,
5d58babd875c7c1d7cca23b0,64a71b05d42170004920f9e4,
5d2b01c905b57b0038f8c001,64a719b1be485a0037faf692,
5bc8b958cbe2130018b59aab,64a475f576b0ea001f1dad10,
5d3f4eda143f7d00681a5b72,64a584e6dd2473003dda1850,
5e2a5fe299c9200025df9c88,64a71b7557988d001d340746,
5daaa17d07bd6c004d6216bc,64a474beabeb2f00457fa776,
5eda1b7be3b941014eb7e771,64a5c537a558f90035c26922,
6480a7cbc976eb00541b43fa,64a5c5642ec824001bca82ba,
643ada2cc57527001eaf01ec,64a6edf2f4af9500470ee78a,
5e70f6a1eeb3d800590d5931,64a715ddb04f9c0037295e70,
637cfe7265068900307c183b,64a42a810d7f39003fd3f723,
6485807cb49e1a0036369a92,64a71514c3ee3e003d6b7d35,
5bcfce9b6bc0d20015321a2b,64a5d76ce9b93a001d952688,
5e767b8f23fdfb007dd37285,64a48474a097550043897944,
5c09d58da82e8b00303776f4,64a71c2afd60c9004436b73c,
641b657cfa76d400449410f2,64a48e4c97d838005dfc734f,
5cb3b9ce738b1e002291f8dc,64a4c8ada09755001b89b5b6,
60e3488e13590801622c5012,64a6d7f2e72989002f448826,
63ead0d714394d004eb8b9ef,64a58c585409c70021c79f81,
5bcf41806bc0d2003c319c1e,64a58f7f2d1f8c0037316110,
5daaa17d07bd6c004d6216bc,64a47f8d6820320041010e9c,
5bc8b958cbe2130018b59aab,64a48ac374605f002724e987,
63651c8bf857ca005c713618,64a4426c789494001df7d4c0,
5bc8b958cbe2130018b59aab,64a47d2ec482fc15b8506c39,
649631ade10a42001bcefeb0,64a49943799f8d003323b67d,
5bcd4ea2f14c6c0024c9506a,64a6ef8271596f001b51003f,
5d7e4b626ff826004cf4a5d7,64a764304ed34c001bd9d001,
5c9c2c449ca5d300135be360,64a59e0d404cb00045fdf06f,
648713e351e3ab0044fec5ef,64a5c0d91e0cf6001d11e667,
5e2a5fe299c9200025df9c88,64a498e3f1b95b003553087d,
5bc8b958cbe2130018b59aab,64a4ce0f121ad0004fb8810a,
636d415d2b28b1001ab6c89c,64a59fe12ec824001bca60a3,
5bd4b4cb9a7d29003c7b060a,64a6efe9d4b4280042f13d48,
5d3a99724dde2d19361d4b50,64a733a894142a001fb8de9a,
6491d7fbe043160027ea899b,64a6bf6d6aaf380055848e72,
63ead0d714394d004eb8b9ef,64a6d906d4b428001df119a6,
5eda1b7be3b941014eb7e771,64a58a6a7e045f00339b12dc,
5d3f4eda143f7d00681a5b72,64a5ece12ec824001fca9a46,
642369c72963280056549086,64a595c58c64b1004f75ddf7,
6483751562ed8d003c5c4ada,64a6f5921e5cdd001fbcef34,
5dd9cd95c043f300244169b5,64a480f48070e00027426d32,
5f7c0aad9c36d2001bab3156,64a6097513f7ea0055a3123f,
631bc4a51f9f68003bbfbb9c,64a5c4935317a800477b09b2,
5daaa17d07bd6c004d6216bc,64a5a144b505ae001bc46079,
648713e351e3ab0044fec5ef,64a59af4cf0808005d82c3d9,
5ce6e0d6e5b33f005ed650ad,64a419bb8b8e49001f271954,
60e10e7bd6156d0161b5bcec,64a46d89e047990045cdac28,
5cb3b9ce738b1e002291f8dc,64a46b6ec482fc15b85064e6,
6470f116f74d84004426c7ce,64a4cc78fa88ad005d76323d,
6482321d75da1600347a08fc,64a55bc148f69e001d813033,
649293b05ebe1b00371dacce,64a6d827073ee6003d7e286f,
5f6d28877fbe6b017597cdd2,64a40b6e36e9e5001df794f7,
6480a7cbc976eb00541b43fa,64a6c7f39bbbd30035c1ea93,
6470f116f74d84004426c7ce,64a5a54f8ca69f003dca7aa5,
5ce6e0d6e5b33f005ed650ad,64a42424166d8f0021e64345,
5e70f6a1eeb3d800590d5931,64a5f64806c2d8001dc2bafc,
5bcd4ea2f14c6c0024c9506a,64a6ea99d9404b005dc513ec,
5daaa17d07bd6c004d6216bc,64a5a8477df1cb0056e7a3e7,
6483751562ed8d003c5c4ada,64a442d8e047990045cd8382,
5e70f6a1eeb3d800590d5931,64a5d83b37829c00579a3d36,
5d2e93d6b4f110002009fa55,64a4614ec482fc16f9501c68,
60e3cddc1cd8b3008aec2fec,64a4550b0d7f39001bd40cf8,
60e3cddc1cd8b3008aec2fec,64a45c053e67b00047bfa916,
5e2a5fe299c9200025df9c88,64a6103793923a00278ff62c,
5c9c2c449ca5d300135be360,64a47321c482fc16f95027f8,
5c09d58da82e8b00303776f4,64a59291d699550057324d2b,
641cdf713eb822001cdb57ec,64a457ccb01c57004fb24ec6,
640d11bc0607d1005400c4b1,64a616c30d6f6300526aa570,
5d3f4eda143f7d00681a5b72,64a61c66204aa80025470876,
636d2b7148412e003c3f4eec,64a6ea699bbbd3005dc20bc3,
5c81d4f8b028280058129594,64a483f682a5b00035e7f5e1,
6336562f8c76890050d144dd,64a4b8207666ec003d6401ce,
5e489fcffc0ddd00ae308e03,64a76809df6546005736c4ad,